<?xml version="1.0" encoding="UTF-8"?>
<project-private xmlns="http://www.netbeans.org/ns/project-private/1">
    <editor-bookmarks xmlns="http://www.netbeans.org/ns/editor-bookmarks/2" lastBookmarkId="0"/>
    <open-files xmlns="http://www.netbeans.org/ns/projectui-open-files/2">
        <group>
            <file>file:/C:/Users/alunolab02/Documents/NetBeansProjects/POOBET/src/poobet/Jogador.java</file>
            <file>file:/C:/Users/alunolab02/Documents/NetBeansProjects/POOBET/src/poobet/InOut.java</file>
            <file>file:/C:/Users/alunolab02/Documents/NetBeansProjects/POOBET/src/poobet/Bet.java</file>
            <file>file:/C:/Users/alunolab02/Documents/NetBeansProjects/POOBET/src/poobet/Credito.java</file>
            <file>file:/C:/Users/alunolab02/Documents/NetBeansProjects/POOBET/src/poobet/Jogo.java</file>
            <file>file:/C:/Users/alunolab02/Documents/NetBeansProjects/POOBET/src/poobet/POOBET.java</file>
        </group>
    </open-files>
</project-private>
